query,genres
"I'm craving a tale full of dark mysteries, clever magic, and a dash of humor, set in a bustling city where a determined heroine teams up with a weapon that comes to life, chasing a perilous fate and ancient secrets.","Fantasy,Young Adult,Urban Fantasy,Mystery,Supernatural,Fiction"
"I'm looking for a gentle children's picture book about a curious caterpillar that explores counting, simple life lessons, and warm moments of discovery as it grows up.","Picture Books,Childrens,Fiction,Classics,Animals,Food,Counting,Storytime,Kids,Mathematics"
"I'm seeking a deeply observed tale set on a red-clay Georgia farm during the Depression, following a curious boy as he grows up, with warmth, sharp humor, and lingering reflections on family and hardship.","Southern,Coming Of Age,Historical Fiction,Literary Fiction,Fiction"
"I'm after a story where a stay-at-home mom and former hunter confronts a demonic threat knocking on her peaceful suburb, mixing witty banter with supernatural danger and a dash of small-town mystery.","Paranormal,Urban Fantasy,Humor,Demons,Mystery,Supernatural,Fiction"
"I want a sweeping, emotionally intense journey where a protagonist leaves a fragile past for a dangerous frontier, facing betrayal, hardship, and a slow-building romance under a looming threat.","Romance,Historical,Western,Historical Fiction,Fiction,Adult"
"I want a page-turner about a wily, risk-taking narrator moving through dangerous settings—colonial jungles, small-town struggles, or war-torn futures—where humor softens grim moments and personal growth is tested by tough choices.","Historical Fiction,Adventure,Humor,Coming Of Age,Fiction"
I'm looking for a high-flying tale about a young woman who dreams of piloting and uncovers painful truths about her father while facing a dangerous frontier among the stars.,"Science Fiction,Young Adult,Space,Adventure,Aliens,Space Opera"
"I'm looking for a whimsical story where sisters explore a hidden magical kingdom, with lush illustrations, a nod to a timeless tale, and a gentle romance that feels like a fairy tale come alive.","Fantasy,Romance,Fairy Tales,Classics,Picture Books"
"I'm in the mood for a lighthearted, festival-set story where a group of friends help a tiny magical helper recover a missing ribbon to save a village party, with playful creatures, music, and a dash of mischief.","Fairies,Childrens,Fantasy,Fiction,Literature,Magic,Chapter Books,Adventure"
"I'm searching for a page-turner about a young woman who is kidnapped into a dangerous underworld where loyalties blur, with hints of enchantment and peril, and a slow-burn romance that grows under pressure in a harsh, adventurous setting.","Fantasy,Romance,Magic,Young Adult,Adventure,Suspense"
"I’m looking for a tense story about a woman who discovers a past she was raised to forget, unraveling family secrets and facing dangerous consequences, with a somber mood and emotional stakes.","Romance,Dark,Mystery,Suspense,Contemporary,Fiction,Historical Fiction"
"I'm looking for a gripping narrative about a person who endures years of hardship and survival, told with a clear eye on history, and I crave a tender relationship blossoming under difficult circumstances, plus a chilling collection of stories that twist fate.","History,Memoir,Romance,Mystery,Short Stories,Horror,Nonfiction"
"I'm after a gritty city-set tale where a young player climbs the street ladder, faces jealous rivals, and the narration threads through tense confrontations with a twisty, reflective voice that can bite with humor.","Crime,Mystery,Thriller,Humor"
"I'm searching for a story about two people who fall in love under difficult odds, set against a sweeping past and layered secrets, told with a narrator's coming-of-age feel and a mood that feels intimate yet tense.","Romance,Historical Fiction,Mystery,Gothic Romance,Young Adult,Contemporary,Fiction"
"I'm looking for a sweeping tale of two people who fall in love under the shadow of a long, hard war, where memory and identity blur, and the stakes heat up with danger and heartbreak as they try to rewrite their fate.","Romance,Historical Fiction,War,Drama,Literary Fiction"
"I'm looking for a lyrical, old-fashioned tale set in a small town, where a woman looks back on a life colored by quiet heartbreak and stubborn hope, the kind that moves slowly, with simple daily scenes and a sense of memory shaping the present.","Literary Fiction,Romance,Historical Fiction"
"I'm looking for a story where a student gets drawn into a provocative, boundary-pushing relationship with a strict mentor, set in a gritty university town, with simmering tension, personal scars, and a dangerous secret that could break them.","New Adult,College,Romance,Erotica,Dark,Contemporary"
"I'm looking for a pulse-pounding story where a savvy teen navigates a mind-bending virtual realm and uncovers a dangerous conspiracy, all while balancing friendships and staying alive.","Young Adult,Science Fiction,Mystery,Virtual Reality,Adventure,Dystopia,Fantasy"
"I'm looking for a slow-burning love story set in a rugged frontier town where a stoic cowboy-type and a city-bred newcomer clash, then find common ground as they navigate past hurts, family duties, and the pull of a wide-open landscape.","Romance,Western,Fiction,Adult"
"I want a moody romance set in a sultry, dangerous city where a fierce, possessive lead stakes his claim on a wary woman amid secrets, power plays, and looming threats.","Romance,Dark,Suspense,Contemporary Romance,Erotic Romance,BDSM"
"I'm after a tense, atmospheric page-turner where loyalties are tested in a labyrinth of courtly intrigue and brutal power plays, set against a vast, peril-filled world where truth is hard to find and dangerous secrets surface at every turn.","Fantasy,Science Fiction,Mystery,Thriller,Epic Fantasy"
"I'm craving a memoir-style journey where a person moves to a distant land, discovers the local ways, and finds humor amid the ups and downs of starting over far from home.","Memoir,Travel,Adventure,Cultural,Humor,Nonfiction"
"I'm after a sweeping, high-stakes saga about a misfit team with extraordinary powers who must defend a wary world from a looming, almost unstoppable threat, all while inside a web of loyalties, betrayals, and unlikely friendships that constantly test their resolve.","Comics,Graphic Novels,Superheroes,Science Fiction,Fantasy,Thriller,Mystery,Adventure"
"I'm looking for a story where a brave child and friends dash through town on a clever rescue mission, facing sly rivals, with a spark of enchantment that keeps the outcome hopeful.","Adventure,Animals,Magic,Fiction,Classics,Young Adult,Mystery"
"I'm after a story about a sharp-nosed kid who keeps a secret notebook spying on their neighbors and family, with a wry, observant voice and a village-scale vibe where everyday life hides a gentle mystery.","Childrens,Mystery,Realistic Fiction,Young Adult"
"I'm craving a dark, action-packed saga where a fearless young woman returns to a corrupted realm to reclaim her throne, outwit a ruthless empire, and unravel a past cost that haunts her, all while magic twists loyalties and dangerous allies tempt her.","Fantasy,Magic,Romance,Young Adult,High Fantasy,Fae,Paranormal,Fiction"
"I'm craving a bittersweet tale set near the ocean where a close-knit family faces a painful past, with quiet emotional moments, lyrical prose, and characters who must choose between duty and desire.","Romance,Contemporary,Fiction,Drama,Literary Fiction,Family"
"I want a story where normal life is gradually haunted by unseen powers, with a slow-burning romance, set in a city that hides secrets, and the protagonist has to cope with danger without losing hope.","Paranormal Romance,Young Adult,Mystery,Fantasy"
"I'm looking for a novel where a young narrator wrestles with trauma and prejudice in a tough, modern setting, told in a raw, intimate voice that traces how fear, hope, and stubborn resilience push them toward growth.","Coming of Age,Young Adult,Mental Health,Contemporary,Fiction,Memoir"
"I'm after a tense mystery where a detective hunts a cold-blooded killer through rainy city streets, with sharp twists and a mounting sense of danger that won't let you sleep.","Mystery,Thriller"
"I'm looking for a tense, twisty mystery where a professional in the macabre uncovers dark family secrets after a disturbing discovery, and the tale blends eerie supernatural vibes with a growing romance.","Thriller,Paranormal,Romance,Young Adult,Fiction,Horror"
"I'm seeking a lush, eerie tale about a powerful ruler who makes a perilous pact, followed by a descent into strange magic with otherworldly creatures and a castle that never feels safe; a journey through deserts and palaces where curiosity turns deadly and fate intertwines with dark bargains.","Gothic,Fantasy,Mystery,Historical,Adventure"
"I'm looking for a perilous voyage with swashbuckling danger, secret powers, and a tender connection that grows under pressure.","Fantasy,Romance,Adventure,Pirates,Magic,Young Adult"
"I'm after a tense, heartfelt story about a college sports team that's falling apart and must pull together before the season ends, while hidden feelings and past hurts threaten everyone.","Sports,College,Romance,Young Adult,Contemporary,LGBT,New Adult"
"I'm after a gripping, morally messy saga about power, family loyalty, and deadly secrets, where a ruthless empire tightens around its players and a web of manipulation challenges every alliance.","Crime,Thriller,Mystery,Fiction,Historical Fiction,Suspense,Drama"
"I'm looking for a story about a hard-edged detective chasing a chilling killer in a near-future city, where personal tension between rivals complicates the case and the clock is always ticking.","Mystery,Romance,Crime,Futuristic,Suspense,Science Fiction"
"I'm after a moody tale about a teen who moves to a new city after a family tragedy, uncovers a hidden magic or powers, and must navigate dangerous allies and a fragile friendship while trying to keep hope alive.","Young Adult,Fantasy,Mystery,Romance"
"I'm seeking a dark, twisty tale about a young outcast who travels through a perilous realm where fortunes rise and fall with a wheel, filled with loyalty, danger, and ancient secrets.","Fantasy,Mystery,Adventure"
"I'm after a book that traces how different societies developed, examining the big factors that shaped civilizations, while keeping it readable and evidence-based, and it should feel like a grand panorama rather than a narrow tale.","History,Nonfiction,Anthropology,Sociology,Politics,Economics"
"I'm craving a sweeping, thought-provoking read about a nation wrestling with its identity, where personal memories collide with political ideals, and the tone shifts from hopeful to unsettled as long-standing beliefs are challenged by new realities.","Politics,History,Nonfiction,Sociology,Race,Philosophy"
"I'm looking for a hot, boundary-pushing relationship tale about a married couple exploring desire, with tension that treads risky boundaries and a dash of danger or intrigue that keeps the pages turning.","Erotica,Romance,Mystery,Thriller,Paranormal"
"I want a gripping near-future tale where a third world war has shattered everyday life, the world feels watchful and controlled, and the story sticks to plausible technologies while exploring how ordinary people cope under pressure.","Dystopia,Science Fiction"
"I'm searching for a story with a gritty mystery threaded through a decaying historical setting, where a determined heroine weighs duty against personal loyalty while uncovering long-buried secrets and confronting inner battles.","Mystery,Historical Fiction,Feminism,Mental Health"
"I'm craving a tense tale about a near-future where privacy is vanished and everyday life is watched by an unseen network, with a stubborn group fighting back through clever tech and rebellious ideas, a vibe that feels both urgent and dangerous.","Technology,Politics,Hackers,Anarchism,Science"
"I'm after a pulse-pounding tale where a young heroine uncovers a deadly game run by a criminal underworld, with constant peril, rapid moves, and shocking betrayals set in a fantastical world of shifting loyalties and secret powers.","Thriller,Adventure,Young Adult,Fantasy,Mystery"
"I'm craving a fast-paced mystery that blends the supernatural with urban grit, where a sharp investigator chases strange crimes and uncovers hidden powers.","Mystery,Supernatural,Urban Fantasy,Urban,Fantasy,Crime,Horror"
"I'm looking for a sweeping saga in a richly imagined world where a long-lived guardian battles political schemes, discovers hard truths about myself, and must unite diverse factions against a looming crisis.","Fantasy,High Fantasy,Adventure,Epic Fantasy"
"I'm looking for a story about a teenage girl who discovers a hidden power network and gets pulled into a dangerous mystery, while navigating friendships and budding romance in a city that hides supernatural secrets.","Young Adult,Fantasy,Paranormal,Mystery,Romance,Urban Fantasy,Fiction"
"I'm craving a story about a kid who suddenly has to navigate life after leaving a chaotic home, with a vivid Southern setting, old family secrets surfacing, and a slow, hopeful road to independence.","Coming Of Age,Southern,Fiction,Historical Fiction"
"I want a story set in India during a life-changing night when a wife waits for her officer husband at a crowded train station, and a sudden disaster reshapes her world, blending personal grief with the wider cultural tensions around her.","Historical Fiction,Fiction,India,Cultural,Contemporary,Adult Fiction"
"I'm craving a collection of eerie, fantastical stories where ordinary people stumble into impossible events, with a moody, dreamlike vibe and sharp twists that chill you even in daylight.","Fantasy,Horror,Short Stories"
"I'm after a tense tale set at a secluded mountain resort where a famed investigator drops in to pull someone from serious trouble, and soon a chilling pattern of attacks emerges, leaving everyone on edge.","Mystery,Thriller,Suspense,Crime,Adventure"
"I'm looking for a story with several narrators that keeps twisting the plot like a puzzle, set in a refined, old-time society where clues unfold through different voices.","Mystery,Historical Fiction,Literature,British Literature,Classics,Crime"
"I'm after a gritty, late-night chase where a weary detective uncovers a serial killer preying on a fading city, secrets bubbling up from every corner, and the tension keeps tightening even as humor shaves the edges of despair.","Mystery,Crime,Detective,Thriller,Humor,Fiction"
"I’m after a story about a man who cannot die and must confront a massive clash between creation and destruction, told with atmospheric, almost otherworldly prose and a mood that lingers long after the last page.","Fantasy,Fiction,Psychology,Literary Fiction,Historical Fiction,Adult Fiction"
"I'm looking for a story where a young woman discovers a hidden portal to another realm and must navigate danger, magic, and a tense romance while the fate of two worlds hangs in the balance.","Urban Fantasy,Paranormal,Romance,Fantasy,Magic"
"I'm looking for a story set in a quiet town where secrets and magic simmer under the surface, following a perceptive teen who pieces together a dangerous family feud, with a moody, slightly eerie atmosphere and a slow-burning romance.","Fantasy,Mystery,Romance,Gothic,Paranormal,Young Adult,Magic"
"I'm craving a moody tale about a young woman who discovers she can bend hidden forces, uncovers town secrets, and is torn between a slow-burn romance and a dangerous mission that could change everything.","Paranormal,Romance,Fantasy,Young Adult,Supernatural,Historical Fiction"
"I want a tale about a doomed love growing under the shadow of a fading royal line, with exile, court intrigue, and a lush, old-world setting that lingers long after the last page.","Historical Fiction,Romance,Historical"
"I'm seeking a story about loss and resilience during upheaval, where everyday people grapple with war, secrets, and unlikely allies, and the narrative lingers with quiet sorrow yet hopeful courage.","Historical Fiction,War,Mystery,Romance,Literary Fiction"
"I'm looking for a page-turner where a detective probes a baffling disappearance in a sunbaked city, confronting buried family secrets and a creeping sense of danger that lingers long after the clues run cold.","Mystery,Thriller,Suspense,Detective,Literary Fiction"
"I'm after a witty, heartwarming story where two best friends reunite after a rough period, navigating schooldays, small-town life, and small acts of kindness that teach them about loyalty.","Realistic Fiction,Humor,Teen,Fiction"
"I'm after a gripping thriller where a group of ruthless professionals navigate a cutthroat financial world, crowded with secrets and paranoia, and a twist that changes everything, leaving a bitter, high-stakes mood that lingers long after the last page.","Thriller,Mystery,Suspense,Crime,Psychological Thriller"
"I'm looking for a story about a young woman whose romance and dreams collide with sudden fame, deep friendships, and tricky family dynamics, wrapped in a modern world where surprising dangers and secrets push her toward adulthood.","Romance,Young Adult,Contemporary,Fantasy,Paranormal,Adventure,Fiction,Mystery,Historical"
"I'm looking for a heartfelt, witty story set by the sea where a free-spirited older woman stirs up trouble for her neighbors and uncovers family secrets, with a slow-bloom romance and plenty of emotional drama.","Romance,Contemporary,Fiction,Family,Drama,Humor,Adult Fiction,Womens Fiction,Audiobook"
"I want a sweeping, character-driven story set during a time of big social upheaval, where a quiet romance tests loyalties and long-buried secrets unsettle a close-knit community.","Romance,Historical Fiction,Mystery,Drama,Fiction"
"I'm looking for a page-turning, claustrophobic tale where someone is pulled into a dangerous, controlling relationship, with eerie twists, a morally ambiguous atmosphere, and a tension that never releases.","Thriller,Romance,Psychological suspense,Contemporary,Abuse"
"I want a sharp, adrenaline-filled mystery where a tired detective is dragged into a stern seminar, a spark ignites with a captivating partner, and a tangle of secrets keeps twisting until the final reveal.","Mystery,Romance,Crime"
"I'm craving a breezy, funny love story where two people stumble into romance thanks to quirky misunderstandings, with witty dialogue and a bright, modern-life vibe.","Romance,Humor,Contemporary,Chick Lit"
"I want a story set in a whimsical magical world where a clever heroine navigates curses, talking spells, and a dangerous quest, with playful humor and a slow-burn romance that grows as danger looms.","Fantasy,Magic,Romance,Fairy Tales,Retellings,Young Adult,Young Adult Fantasy"
"I'm looking for a gripping, intimate tale where a woman hides a life-altering secret during a summer in a glamorous coastal setting, and the aftermath tests trust, loyalty, and love.","Fiction,Drama,Romance,Family"
"I'm looking for a book about a quirky small town with long-held secrets, where a witty narrator peels back generations of families and their hidden stories, delivering warmth, plenty of humor, and a gentle, hopeful romance.","Fiction,Contemporary,Romance,Humor,Mystery"
"I want a gripping story about a teenager facing upheaval and peril in a foreign land, or a sharp mystery where careful clues expose secrets in a close-knit community, with a mood that's tense, intimate, and a touch hopeful.","Young Adult,Mystery,Thriller,Romance,Contemporary,Dystopian,Historical,Fantasy"
"I'm looking for a heartfelt book about someone facing relentless bullying and neglect at home, finding strength through friendship and a first love, set in high school with a realistic, empowering tone. I also enjoy stories that blend humor with social commentary and a touch of rebellion against unfair systems.","Young Adult,Contemporary,Realistic Fiction,Romance,High School,Fiction"
"I'm looking for a gripping read about uncovering a long-buried family secret in a remote corner of the world, told with lyrical, haunting prose, where danger, memory, and a touch of otherworldly mystery linger as the narrator travels through history.","Memoir,Historical Fiction,Mystery,Fantasy,Thriller"
"I'm seeking a coming-of-age tale where a teenage protagonist uncovers hidden powers and long-buried secrets, set against a moody, dangerous world that tests loyalty and courage.","Young Adult,Paranormal,Fantasy,Mystery"
"I'm craving a moody, centuries-spanning tale about an immortal who weaves power and desire, blending seductive danger with a gothic chill in a world where the night never quite ends.","Gothic,Horror,Vampires,Paranormal,Supernatural,Fantasy"
"I'm searching for a shadowy, twist-filled tale where a lone investigator pieces together a baffling crime, the air is thick with secrets, and a mansion's corridors seem to breathe with old tragedies.","Mystery,Gothic"
"I'm craving a mind-bending adventure where a lone traveler slips through parallel worlds, encountering mysterious beings, unraveling dangerous schemes, with a moody, atmospheric vibe that blends wonder and menace.","Science Fiction,Fantasy,Adventure"
"I'm craving a tense, eerie journey through a small town where a yearly festival hides grim secrets, where people disappear, monstrous legends feel nearby, and the hero must confront a haunting past.","Horror,Paranormal,Supernatural,Thriller,Mystery,Fantasy,Fiction"
"I'm seeking a sweeping, moonlit epic where an ancient, undead ruler haunts a centuries-spanning world, driven by a ruthless hunger and surrounded by grim politics, secrets, and shifting loyalties that threaten everyone close to him.","Paranormal,Vampire,Dark Fantasy,Gothic,Horror"
"I'm after a tense, emotionally charged romance where two people navigate hidden dangers, ghosts of the past, and a world where loyalties are tested, with a moody, suspenseful atmosphere and hints of magic.","Romance,Contemporary Romance,New Adult,Dark,Drama,Paranormal,Fantasy"
"I'm seeking a book that makes me reflect on how to live wisely, offering practical wisdom and quiet introspection, or a speculative world where technology reshapes how people connect, or a mythic tale that intertwines romance and destiny in a richly imagined past.","Philosophy,Nonfiction,Self Help,Productivity,Science Fiction,Dystopia,Fantasy,Romance,Mythology,Historical,Literature,Classics,Young Adult"
"I'm craving a sweeping, peril-filled romance set in a distant empire where a captive noblewoman must navigate treacherous power plays and forbidden passion while facing danger around every corner.","Historical,Romance,Historical Fiction,Fiction,Adult"
"I'm hoping for a tale where humans crash on an alien world and struggle to survive amid tense political tensions, with atmospheric pacing and mature, nuanced themes around cultures clashing and loyalty under pressure.","Science Fiction,Aliens,Space Opera,Speculative Fiction,Adult,Fiction"
"I'm after a gripping, atmosphere-heavy story about a town shaken by a hidden truth, with a determined protagonist digging through lies and a twist that changes everything.","Mystery,Thriller,Fiction,Contemporary,Psychological"
"I'm hoping for a nightmarish yet alluring journey where a high school queen tumbles into a hidden supernatural realm, facing rival factions, a looming curse, and a romance that blooms under danger.","Paranormal,Romance,Young Adult,Supernatural,Fantasy"
"I'm after a gripping, era-spanning tale where sharp minds bend the course of a nation, with lavish detail, late-night tension, and shocking reversals that change everything.","Historical Fiction,History,Politics"
"I'm hoping for a reflective, morally charged story about a trailblazing entertainer looking back on his life, the friendships, and the challenges that shaped him.","Nonfiction,Biography,Memoir,Autobiography,Inspirational"
"I'm looking for a feel-good love story set in a sunny, small town where family ties and everyday life spark heartwarming moments, with a touch of humor and a bit of heartbreak along the way.","Romance,Contemporary,Womens Fiction,Chick Lit,Fiction"
"Looking for a clever, darkly witty tale in which a brilliant but morally dubious thinker conducts a Machiavellian experiment on love, tearing apart and rebuilding relationships in a stylish, chilly city, with sharp dialogue, existential questions, and consequences that linger.","Philosophy,Fiction,Literature,Literary Fiction,Classics,British Literature"
"I'm after a page-turner set in a tight-knit town where a careful, relatable narrator uncovers a layered secret that tests friendships, with witty dialogue and a bittersweet look at ordinary lives.","Mystery,Cozy Mystery,Literary Fiction"
"I'm looking for a story about a young person trying to belong in a world that feels hostile, where sharp humor sits beside quiet despair and a family hides a life-changing secret.","Fiction,Contemporary,Family,Literary Fiction,Drama,Humor"
"I'm looking for a bold coming-of-age tale set in a medieval world where a young person faces persecution, wrestles with faith, and must brave uncertain dangers and long journeys.","Historical Fiction,Young Adult,Adventure,Christian"
"I'm looking for a story about a determined young woman tracking a dangerous conspiracy in a city that never sleeps, where ancient threats flicker in the corners and loyalties blur as she fights to save the people she cares about.","Urban Fantasy,Mystery,Historical Fiction,Romance"
"I'm after a collection that drips with the sorrows and stubborn humor of village life, where everyday misery lingers and the narrator's voice peels back years of memory to reveal hard truths about people who never catch a break.","Short Stories,Literature,Fiction,Iran,Novels,20th Century"
"I'm looking for a sweeping tale set in a distant past with political intrigue and a brave protagonist who uncovers secrets across borders, blending danger, romance, and a touch of the supernatural.","Historical Fiction,Romance,Fantasy,Time Travel,Thriller,Mystery,Paranormal,Supernatural"
"I'm looking for a story where a simple cardboard box becomes a playground for a brave kid and her friend, sparking wild adventures and a vow of forever friendship, while another thread follows a tense, twist-filled mystery staged as a clever performance in a lively town.","Adventure,Friendship,Mystery,Theatre,Family"
"I'm looking for a book that blends sharp historical detail with lyrical prose, following a real-life figure on a controversial tour, then digs into the psychology of power and manipulation, while also weaving quiet, dreamlike moments that blur reality.","Biography,Nonfiction,History,Philosophy,Politics,Poetry,Literature,Mystery,Fiction,Fantasy,Magical Realism,Classics,Short Stories,Crime"
"I'm craving a sweeping, perilous romance set across distant eras where a woman and a man are torn by fate while wars rage and magic lingers, with lush details and a sense of destiny guiding their choices.","Historical Fiction,Romance,Time Travel,Adventure,Fantasy,Fiction,Audiobook,Adult,Historical"
"I'm after a quiet, emotionally charged story about a teen who starts questioning life and family secrets as he grows up, set against a backdrop of memories and a painful past.","Coming Of Age,Drama,Fiction,Literature"
"I'm craving a page-turner that blends a perilous chase through a richly detailed setting with clever clues, shifting loyalties, and a mood that goes from hopeful to tense and dangerous.","Historical Fiction,Mystery,Thriller,Suspense,Romance,Fiction"
"I want a tender, emotionally intimate tale where two people forge a fragile bond against a harsh frontier town, facing secrets, duty, and outside threats, told with lyrical, immersive prose that makes the ache of longing feel real.","Romance,Historical,Western,LGBT,Fiction"
"I'm after a gritty, high-stakes chase where a weary detective survives a brutal ambush during a transport mission and then hunts the culprit through a sultry Southern town, with a dark mood and an obsession with revenge.","Mystery,Thriller,Detective,Suspense,Noir,Southern,Crime,Fiction"
"I'm after a fast-paced tale set in a shadowy city where danger lurks in quiet alleys, featuring a guarded loner and a bold partner who won't back down, with hints of supernatural powers and family secrets driving the tension.","Romance,Paranormal,Urban Fantasy,Mystery,Dark Fantasy"
"I'm after a tense journey across a battle-scarred landscape where loyalties are tested, danger lurks at every turn, and a quiet, forbidden bond threads through a perilous mission.","History,War,Romance,Adventure,Mystery"
"I want a story where a woman discovers a hidden family member and a dark truth about her father, while navigating a dangerous, otherworldly city and a forbidden romance that could cost her everything.","Paranormal,Shapeshifters,Paranormal Romance,Romance,Fantasy,Urban Fantasy,Supernatural,Erotica,Adult,Werewolves"
"I want readings about soldiers and journalists witnessing conflict up close, with gritty realism and introspection, plus vivid travelogues where explorers push into unseen places.","War,Nonfiction,Memoir,Biography,History,Journalism,Travel,Adventure"
"I want a book about a couple whose marriage is icy and strained, pushing them toward a separation, while a stubborn, misunderstood woman tries to find happiness under a judgmental society; a second thread follows a slow-blooming romance set against a bygone era with strict social rules.","Romance,Historical,Drama,Fiction,Adult,Contemporary"
"I'm hoping for a sprawling space-age saga with a daring crew, epic battles, and a dangerous mission that tests loyalty and courage while the story builds a sense of wonder and peril, leading toward a hopeful ending.","Science Fiction,Military Fiction"
"I'm looking for a story where a young girl loses her home and is sent to a distant land to live with a grandmother she didn't know, on a wildlife reserve, where she unravels secrets and faces danger while learning to trust and grow.","Adventure,Animals,Middle Grade,Young Adult,Fiction"
"I'm after a lighthearted yet eerie middle-grade adventure about a girl who moves to a big city and keeps stumbling into ghosts and odd happenings, with witty moments and a hopeful vibe.","Middle Grade,Fantasy,Paranormal,Mystery,Adventure,Humor"
"I'm looking for a story about a courageous young woman planning a daring escape from a jealous guardian, where a brave stranger arrives to help her. Their bond grows as they navigate danger in a richly drawn old-world setting with hints of magic and echoes of familiar legends, all while a gentle, hopeful mood carries them through.","Romance,Young Adult,Fantasy,Historical Fiction,Fairy Tales,Christian Fiction,Retellings"
"I’m looking for a story about a woman with a hidden secret, a curious reporter chasing clues, and the intense world of a opera/theatre school where young singers work hard, chase dreams, and confront personal risks.","Drama,Music,Theatre,Romance"
"I'm looking for a light, funny coming-of-age story about a clever high-school girl and her likable, secretly rebellious classmate navigating daily life, friendships, and small-town quirks.","Young Adult,Contemporary,Romance,Humor,Slice Of Life"
"I'm looking for a hopeful romance about messy past relationships, set against a modern college life with music playing a strong vibe and characters finding themselves along the way.","New Adult,Romance,Contemporary Romance,College,Music,Contemporary"
"I'm looking for a tale about a clever tween who discovers she might be more than just a normal student, juggling school, friendships, and a city-wide mystery that could change everything, with humor, imagination, and a mix of magical surprises and dangerous stakes.","Young Adult,Fantasy,Mystery,Adventure,Contemporary"
"I'm looking for a story about someone learning to love themselves while navigating strange, playful challenges and unexpected magical twists, with witty dialogue and warm relationships, set against a backdrop of everyday life that still feels a little magical.","Romance,Fiction,Contemporary,Humor,Fantasy,Mystery,Young Adult,Paranormal"
"I'm craving a tense, stormy tale where a young female alpha must outwit rival packs while balancing dangerous loyalties and a spark of forbidden attraction.","Young Adult,Werewolves,Paranormal,Fantasy,Urban Fantasy,Romance"
"I'm after a cozy, mood-lifting mystery where a charming sleuth and his witty feline sidekicks uncover clues around a town's celebrations, with light humor and gentle misdirection.","Cozy Mystery,Mystery,Cats,Humor,Animals,Fiction"
"I'm seeking a reflective tale about a celebrated writer who suddenly suffers searing pain, tangled memories, and a painful, lifelong love that endures across decades, set against the backdrop of a world at war and its aftermath.","Literary Fiction,Romance,Historical Fiction"
"I'm looking for a book that blends strange, dreamlike elements with a small-town atmosphere, where people have hidden histories and the prose feels lyrical and elusive.","Magical Realism,Literary Fiction,Mystery,Contemporary"
"Looking for a visually driven, high-stakes adventure where a lone cosmic fighter gathers a motley crew to save the universe from a collection of powerful rulers, with dazzling battles, strange planets, and a mix of serious danger and lighthearted banter.","Graphic Novels,Comics,Science Fiction,Fantasy,Superheroes,Fiction"
"I'm searching for a gripping YA romance where a wary girl with a painful history is drawn to a brooding guy who lures her into a dangerous, secret-filled world against all odds.","Young Adult,Romance,Contemporary,Fantasy,Paranormal,Adventure,Fiction"
"I'm hoping for a gripping romance where two people are drawn together amid danger and secrecy, in a modern city ruled by hidden shapeshifters and relentless trackers, with dark desire, sharp banter, and a pulse of supernatural peril.","Paranormal Romance,Romance,Urban Fantasy,Shapeshifters,Fantasy,Supernatural,Fiction,Literature"
"I want a gripping mystery set around a tense political crisis where factions maneuver behind the scenes, and a sharp protagonist follows a trail of clues across continents, facing shifting loyalties and a ticking clock.","Mystery,Thriller,Espionage"
"I'm looking for a page-turner where two families are intertwined for years, a sudden tragedy shatters the calm, and a close-knit community starts peeling back its polished surface to reveal long-buried loyalties and fragile, evolving relationships.","Fiction,Drama,Romance,Mystery,Contemporary,Realistic Fiction,Coming Of Age,Young Adult,Adult"
"I'm looking for a book set by the sea where a young woman unravels old legends after a parent's death, uncovering a dangerous magic that alters her world and maybe pulls in a slow-burn romance.","Fantasy,Young Adult,Romance,Mythology,Paranormal"
"I'm looking for a story set in a world with air-pirate tech and mutated monsters, where a brave teen uncovers a dangerous conspiracy while navigating friendships and moral choices.","Fantasy,Young Adult,Steampunk,Adventure,Science Fiction,Fiction"
"I'm after a smart, high-stakes read where ordinary people get pulled into a powerful system, with sharp dialogue, moral ambiguity, and a dash of humor, plus a grounded sense of real-world worry that lingers after the last page.","Fiction,Mystery,Thriller,Law,Politics,Sociology,Nonfiction"
"I want a clever puzzle set in a foggy, old city where witty characters poke through clues and social codes to uncover a suspicious death among quirky locals, with charm and a touch of wit.","Mystery,Cozy Mystery,Historical Fiction,Historical Mystery,Historical,Fiction,Crime,Mystery Thriller,British Literature,Victorian"
"I'm looking for a story where two kids in different eras chase clues from old photos and a scrapbook, each secretly hoping for a different life, and the mood shifts from hopeful to tense as danger closes in in a city that feels both magical and dangerous.","Historical Fiction,Mystery,Adventure,Fiction,Young Adult"
"I'm after a moving story about a twelve-year-old and her mother trying to hold on after a family crisis, facing uncertainty and loss, told with warmth and hopeful small-town details.","Realistic Fiction,Contemporary,Family,Young Adult,Middle Grade,Fiction"
"I’m after a light, fast-paced mystery featuring a stubborn, witty heroine who juggles chaotic everyday life with a cheeky, laugh-out-loud tone, a Christmas-time case, and a whisper of something beyond the ordinary.","Mystery,Humor,Crime,Paranormal,Cozy Mystery,Holiday"
"I'm looking for a story where young protagonists slip through different eras, dodging a relentless pursuer and uncovering unexpected clues across historical settings, with a fast-paced, adventurous mood and a touch of mystery that keeps the tension high.","Time Travel,Adventure,Mystery,Historical Fiction,Young Adult"
"I'm looking for a thrilling escape where a reluctant heroine confronts a looming apocalypse, uncovers dark secrets, and finds hope through a careful, wary romance, all while navigating twisting loyalties and hidden powers.","Romance,Paranormal,Fantasy,Dystopia,Mystery"
I'm looking for a story that blends sharp wit with creeping dread as a small town hides a deadly secret and a chilling force stirs in the walls.,"Horror,Humor,Supernatural,Paranormal"
"I'm seeking a sweeping, sensuous tale set among a privileged era where power and secrets collide, and two people are drawn together despite past betrayals and dangerous bargains.","Romance,Historical Romance,Historical Fiction,Erotica"
"I'm craving a tense, secretive night-time chase with a heroine who uncovers dangerous supernatural loyalties and a slow-burning romance while living under the rules of a hidden world that shadows her everyday life.","Paranormal,Romance,Urban Fantasy"
I'm seeking a sweeping wartime family saga where a mother's concern for her RAF son blends with a husband’s fear and a shocking secret that upends everything.,"Historical Fiction,Romance"
"I'm after a page-turner that drips with tension, creepy secrets, and an otherworldly vibe, where ordinary people confront dark forces and sinister motives in a small town.","Horror,Thriller,Mystery,Paranormal,Suspense"
"I'm after a story about a sharp, capable protagonist who is trapped in a watchful, controlling world and must push back to carve out freedom, while complex relationships and loyalties blur under pressure; it should feel epic and dark, with mythic forces threatening ordinary life, and include moments of found family and forbidden affection.","Dystopia,Fantasy,Young Adult,Romance,LGBT,Queer,Lesbian,Gay,Teen,Fiction,Realistic Fiction"
"I want a fast-paced adventure where three siblings on a vacation uncover a mysterious map that pulls them into a perilous quest across ancient lands, chased by hidden enemies and cryptic clues that reveal a long-buried conspiracy.","Adventure,Mystery,Fantasy,Young Adult"
"I'm looking for a gripping story where a tough, determined heroine hunts deadly undead in a bustling city, all while secrets from her past keep surfacing and every chase hints at a larger, shadowy danger that won't quit.","Vampires,Urban Fantasy,Paranormal,Romance,Thriller,Mystery,Supernatural,Fantasy"
"I'm looking for a gripping read where a scarred ex-soldier guards a dangerous secret, and the investigation spirals into a web of lies with danger that's personal and hard to shake. I want a tense atmosphere, sharp voices, and old secrets resurfacing in a modern setting. Or a conspiratorial tale where a clever, troubled protagonist uncovers a decades-old murder that still echoes today.","Mystery,Thriller,Suspense,Crime,Historical Fiction,Psychology"
"I'm after a story where a city dweller ends up helping a brooding ranch owner save his land, but secrets from the past keep surfacing and the air feels like a quiet storm. I want a dreamlike mood with eerie memories, and a couple whose connection grows as danger closes in.","Romance,Mystery,Paranormal,Historical Fiction"
"I'm looking for a story set in a quiet town where a woman mechanic encounters supernatural beings and must navigate dangerous powers and unsettled loyalties, with a slow-burning tension and a sense that something ancient is at work beneath everyday life.","Urban Fantasy,Paranormal,Romance,Mystery,Fiction"
"I'm craving a gritty underworld feel where hidden communities surface in dim tunnels or crowded streets, mixing uneasy suspense with wry humor and a hint of the supernatural.","Nonfiction,Sociology,Urban Fantasy,Mystery,Thriller,Young Adult,Adventure"
"I'm after a gripping, magic-filled tale where a young queen must lead a shattered kingdom after a tyrant is toppled, facing a creeping supernatural threat and a tense romance amid political peril.","Fantasy,Romance,Adventure,Young Adult,Magic,High Fantasy"
"I'm after a story that crawls under the skin, with an isolated setting and a protagonist chasing unsettling clues that hint at buried secrets from the past, building a sense of dread as events spiral toward an inevitable, eerie conclusion.","Horror,Mystery,Thriller,Fantasy,Historical Fiction,Fiction,Suspense,Classics"
"I'm looking for a tightly written collection of stories where ordinary people stumble into disturbing, surreal moments that blur the line between reality and imagination, told in a lyrical, reflective voice.","Short Stories,Fiction"
"I'm looking for a moody romance about two damaged people who cope with painful secrets and must trust each other, with charged tension, emotional upheaval, and a twist that hints at something otherworldly without explaining it away.","Young Adult,Romance,Paranormal,Mystery,Drama,Fantasy"
"I'm looking for gripping stories where ordinary people uncover dark secrets beneath calm surfaces, with a tense chase, a touch of romance, and settings that feel like they belong to other eras.","Mystery,Romance,Historical,Nonfiction,Fantasy,Fiction"
"I'm looking for a story where characters confront death, wonder what's next, and the mood is quiet, reflective, and devotional, with a sense of hope amid loss.","Religion,Fiction,Christian Fiction"
"I'm seeking a gripping page-turner with danger, espionage vibes, and a thread of romance set in a modern city, where a detective pursues a haunting case while personal relationships are tested.","Mystery,Thriller,Espionage,Romance,Detective,Crime"
"I want a brave woodland hero who leaves his home to trek across rugged hills with danger around every corner, meeting unusual creatures and discovering how teamwork and courage can save his clan.","Fantasy,Adventure,Animals,Middle Grade,Family,Fiction"
"I'm hoping for a sunlit city romance about a young woman who works at a flashy magazine, chasing a big break while navigating the glare of fame, witty banter, and a slow-burning romance that feels real.","Romance,Humor,Contemporary,Chick Lit,Fiction,Adult"
"I'm looking for a heartfelt, faith-filled story about a quiet caretaker who takes in children and forges a fragile, hopeful family, paired with a tense mystery about a missing loved one, and maybe a hint of supernatural charm that complicates a modern, vivid setting.","Christian Fiction,Romance,Mystery,Thriller,Paranormal,Urban Fantasy,Fantasy"
"I'm craving a tense, city-bound battle where a brilliant, relentless protector pushes past his limits as a dangerous plan unravels and past shadows threaten every ally.","Thriller,Crime,Mystery,Action,Superheroes"
"I'm looking for a long, meticulously researched tale about a major conflict that reshaped a nation, told with a calm, authoritative voice over many chapters, and also for tender, witty stories about people returning to their hometowns to confront love, memory, and identity.","Historical,War,Military History,Romance,Fiction,Classics,Literary Fiction,Poetry"
"I'm looking for a heartfelt, true account of ordinary people showing extraordinary courage in the face of catastrophe, told with intimate details and a sense of reassurance.","Nonfiction,Biography,Memoir,History,Inspirational,Autobiography,Historical"
"I'm looking for a book about a young woman who secretly studies mysterious arts, confronts forbidden feelings, and stumbles into a dangerous political and supernatural conspiracy in a city that never sleeps.","Young Adult,Fantasy,Paranormal,Romance,Urban Fantasy,Magic,Supernatural"
"I'm craving a fast-paced tale about a daring quest through rugged lands with a clever investigator and twists, where loyalties shift in a tense, sun-scorched setting.","Mystery,Adventure,Historical Fiction,Western"
"A modern archaeologist is whisked into an olden spell that twists time and makes two people from different eras fall for each other, while danger and wonder mingle across a shared secret landscape.","Time Travel,Historical Romance,Romance,Magic,Paranormal Romance,Historical"
"I want a gritty, emotionally charged story about friends trying to escape a tough urban environment where loyalty is tested, secrets brew, and every choice could explode into violence or love.","Urban,Fiction,Romance,Mystery,Thriller,Contemporary,Coming Of Age"
"I'm craving a quiet, slow-bloom romance set in a small town where two strangers reconnect after a family secret comes to light during a long, chilly evening, and the emotional resonance lingers long after the last page.","Romance,Contemporary,Drama,Fiction,Adult"
"I'm looking for a story about a young woman who travels through a world where ritual magic and everyday life collide, told with lyrical depth and a sense of danger, exploring identity and culture in a way that feels both intimate and larger-than-life.","Spirituality,Anthropology,Philosophy,Fiction,Mystery,Romance,Coming-of-age,Young Adult,Historical"
"I'm craving a story where ordinary folks are suddenly thrust into dangerous, shadowy plots in a city under siege, with a sense of creeping magic and a voice that makes the past feel alive.","Historical Fiction,Mystery,Thriller,Fantasy"
"I'm craving a fast-paced tale where a young protagonist discovers hidden powers in a sprawling city and unravels a perilous conspiracy, with dangerous factions, a touch of romance, and edge-of-your-seat action.","Fantasy,Romance,Mystery,Thriller,Young Adult,Magic,Adventure"
"I'm craving a hard-boiled detective vibe where a private eye navigates a city that hums with unseen powers, mixing smoky offices, sudden danger, and a shadowy corporate underworld that could incinerate him with a single thought.","Mystery,Urban Fantasy,Detective,Superheroes,Crime,Fiction"
"I'm after a gut-wrenching tale set in a city under siege during a dark chapter of history, following a young character who survives by wit and courage, and a companion story about two people drawn together by a dangerous, unspoken connection.","Historical Fiction,Young Adult,War,Romance,Contemporary,Mystery,Paranormal,Fiction"
"I’m searching for a tense, war-scarred frontier saga where a tight-knit squad battles a brutal foe across a hostile domain, risking everything as loyalties crack and a dangerous, addictive bond forms under pressure.","Science Fiction,War,Military Fiction"
"I’m craving a story set in old Europe where a wary noble awakens to a dangerous, magical secret and has to protect a delicate love from looming shadows, all while society’s rules and rivalries threaten to tear them apart.","Romance,Historical,Paranormal,Gothic,Mystery,Suspense"
"I'm looking for a novel that traces a city and its people through a time of brutal change after a war, focusing on a memorable protagonist's inner growth and the small details of everyday life that reveal bigger truths.","Historical Fiction,Fiction,Mystery,Literature"
"I'm looking for a novel that vividly depicts a bustling city world, exposes social flaws with wit, and follows imperfect people through a series of intimate, wry stories about everyday life.","Fiction,Contemporary,Literary Fiction,Social Commentary"
"Give me a sweeping, high-stakes chase through dusty libraries and royal courts, where a brilliant tactician uncovers tangled schemes and loyalty is tested, all told with wry humor and a touch of forbidden romance.","Historical Fiction,Mystery,Adventure,Romance,Humor"
"I'm seeking a witty, insightful journey abroad filled with funny misadventures and candid reflections on everyday life.","Humor,Travel,Memoir"
"I want a tense tale where a young woman with a dark secret is pulled into a dangerous chase through a decaying, almost otherworldly city, dodging a relentless foe while a fragile hope clings to her as time seems to wobble and reality slips between what is and what could be.","Horror,Fantasy,Thriller,Paranormal,Supernatural,Mystery,Fiction"
"I'm craving a bold female heroine who uncovers a hidden world where brass machines buzz beside dragons, with a dash of courtly intrigue and a slow-burning romance that grows from friendship.","Steampunk,Fantasy,Romance,Dragons,Fairy Tales,Retellings,Fairy Tale Retellings,Adventure,Historical"
"I'm hoping for a story about two people who pretend to fit a perfect life but peel back what really matters, set against a city-scale life and a relationship that tests trust and pride.","Romance,Drama,Contemporary,Literary Fiction,Fiction,Young Adult"
"I'm in the mood for a fast-paced tale full of double-crosses and high-stakes missions that travels across continents, with a brooding, tense atmosphere and a secret that's slowly unraveled, plus moments of personal doubt and resilience.","Espionage,Thriller,Mystery,Adventure,Historical Fiction"
"I'm craving a tense, isolated situation where someone is grabbed and trapped, fighting to call for help while a dangerous presence looms, then a slow-burning connection between two people who feel they could be meant for more, set against a rough, chaotic backdrop that won’t let them be careless about trust or safety.","Romance,Suspense,Mystery,Contemporary"
"I want a solitary wanderer crossing a desolate landscape after civilization collapsed, following mysterious signals through a world scarred by failed wars and looming cataclysms, hoping to find any glimmer of humanity.","Post Apocalyptic,Science Fiction,Adventure,Dystopia"
"I'm looking for a gripping read about a teen who wakes to a countdown predicting when they'll die and must choose how to spend the last year, with perilous quests, magical twists, and a touch of romance.","Young Adult,Fantasy,Adventure,Romance,Dystopia,Science Fiction,Fiction"
"I'm looking for a hopeful story about a young woman torn between two paths, navigating political intrigue and personal sacrifice in a vibrant, dangerous world.","Romance,Dystopia,Fantasy,Young Adult"
"I'm looking for a story that starts with a quiet, ordinary life but slowly reveals a chilling history, as strange forces creep closer and familiar places suddenly feel dangerous and unpredictable.","Horror,Mystery,Supernatural,Paranormal"
"I'm looking for a moody, fast-paced story set in a rainy city where a young agent patrols supernatural communities and uncovers a dangerous plot, while a forbidden attraction tangles with loyalties.","Urban Fantasy,Paranormal,Romance,Vampires,Werewolves,Shapeshifters,Adult"
"I'm craving a brisk, globe-spanning adventure where a sharp protagonist uncovers a hidden plot amid Europe’s upheaval, blending espionage with a whisper of magical or uncanny undertones.","Adventure,Espionage,War,Historical Fiction,Thriller,Mystery,Classics,Fiction"
"I'm craving a tense, twisty chase where a seasoned detective tracks two dangerous minds through a sunless city, each clue pulling him deeper into a web of deception and danger.","Mystery,Thriller,Crime,Suspense"
"I'm looking for a story with sharp satire about human folly set in a contemporary city, where a no-nonsense woman detective digs up dangerous secrets and there's a subtle, eerie magic hovering in the background.","Mystery,Urban Fantasy,Paranormal,Fantasy"
"I'm looking for a tense, fast-paced story where a sharp attorney digs into a controversial case while a journalist follows dangerous leads, and the atmosphere is gritty with moral ambiguity, storms, treacherous rivers, and high-stakes politics.","Mystery,Thriller,Legal Thriller,Adventure"
"I'm hoping for a quiet, hopeful story about two people who fall in love despite odds, set in a small coastal town where everyday life feels timeless yet is shaken by a sudden crisis that exposes memories and resilience.","Romance,Fiction,Young Adult,Literature,Dystopia,Memoir,Nonfiction"
"I'm craving an epic family portrait set in a city undergoing rapid change in the early 20th century, with intimate intergenerational drama, rich cultural detail, and lyrical narration that blends tradition with modern upheaval.","Historical Fiction,Literature,Fiction"
"I'm looking for a tense, high-stakes read where a cutthroat corporate world hides secrets and ruthless ambitions, with clever deceptions and a perilous race to outsmart rivals.","Thriller,Mystery,Suspense,Crime,Contemporary,Fiction"
"I'm after a light, funny story where a kid's memory game spirals into chaotic silliness during a simple grocery run, with quirky animal moments and a warm, old-fashioned vibe that hints at bustling markets and grand old houses.","Humor,Animals,Adventure,Historical,Romance,Nature,Art,Mystery,Fantasy"
"I'm looking for a tale where a famous writer wrestles with a deeply personal manuscript while a secretive relationship sparks tension, hidden clues surface, and every turn raises the stakes in a city that seems to mirror the darker parts of people.","Romance,Mystery,Suspense,Fiction,Literature"
"I want a tale where a charming but elusive noble stirs up trouble as secrets from the past surface, forcing two stubborn people to team up while danger and deception swirl around elegant parties.","Romance,Historical Fiction,Mystery,Suspense,Fiction,British Literature,Historical Romance"
"I'm craving a playful, magical adventure set in a bustling world where a sharp, witty hero uncovers betrayal and mystery while navigating unlikely friendships and a quirky cast, all wrapped in a light-hearted, yet adventurous tone.","Fantasy,Adventure,Magic,Humor,Young Adult"
"I'm seeking a page-turner where a curious professor confronts unnerving forces that blur the line between belief and reality, turning daylight into dread and leaving the characters to question everything they thought they knew.","Horror,Philosophy,Science Fiction,Mystery,Psychology"
"I want a steamy but suspenseful story where power games and control blur with passion, as captors hunt across the country and the relationship teeters between defiance and surrender, set in a contemporary, high-stakes romance vibe.","Romance,Suspense,Erotica,Contemporary,Adult"
"I'm looking for a moody, late-19th-century city mystery where a determined young woman teams up with a wary mentor to uncover hidden powers and eerie hauntings that blur the line between the living and the dead.","Historical Fiction,Mystery,Paranormal,Supernatural,Adventure"
"I'm looking for a tense summer mystery where a forensic expert returns from vacation to uncover dangerous secrets in a tight-knit city, as clues pile up and the atmosphere turns claustrophobic.","Mystery,Thriller,Suspense,Detective,Romance"
"I'm seeking a tale where a chance encounter tugs a woman out of her quiet, predictable life; think refined parties, whispered confidences in old letters, and a sharp, observant narrator who notes everyone’s disguises as a delicate game of hearts unfolds under a distant, bygone glow.","Romance,Historical Fiction,Mystery,Literary Fiction"
"I want a story where a seasoned crew aboard a starship faces a cosmic trickster who bends reality, every mission turning into a mind-bending trap, while tensions flare between a brash operative and a quiet link to unseen powers, and the stakes mix space battles with secrets from ancient forces.","Science Fiction,Fantasy,Paranormal,Romance,Urban Fantasy,Adventure,Mystery"
"I'm after a page-turner where a clever protagonist uncovers dark secrets while navigating danger in a collapsing world, with eerie landscapes, vivid writing, and a blend of suspenseful twists and emotional depth.","Suspense,Mystery,Thriller,Science Fiction,Dystopia,Adventure,Literary Fiction,Contemporary"
"I'm looking for a gripping tale where a young protagonist, just back from a mysterious otherworld, is swept into a wrongful arrest and must untangle a tangle of family secrets, power plays, and a town drenched in secrets that threaten to collapse society.","Fantasy,Mystery,Thriller,Historical,Politics"
"I'm looking for a sweeping tale where a sudden royal death throws a magical empire into chaos, a cautious council of spellcasters tries to push back a dark force, and the young heir must uncover secrets before a usurper rises; the atmosphere is tense, smoky, and tinged with ancient prophecies.","Fantasy,Mystery,Thriller,Paranormal"
"I'm looking for a gripping tale about a flawed individual who hides a dangerous secret, set against a tight-knit community with political intrigue and shadows from the past, mixing intimate heartbreak with sharp, clever plotting.","Mystery,Thriller,Literary Fiction,Historical,Drama"
"I'm hoping for a sunny vacation tale where a normal person ends up in a world with ancient gods, a blossoming romance, and magical forces turning everyday life into a wild, perilous ride.","Fantasy,Romance,Paranormal,Mythology,Magic,Supernatural"
"I want a tense story set after the collapse, where a battle-scarred ex-ops pilot wanders a ruined world, finds moments of grim humor, and characters wrestle with what it means to stay human while fighting for survival.","Post Apocalyptic,Dystopia,Military Fiction,Science Fiction,Fiction"
"I want a case-filled chase through smoky city streets where a detective teams up with a powerful witch to stop a rising dark magic, while a romantic bond complicates loyalties.","Urban Fantasy,Paranormal,Magic,Romance,Paranormal Romance"
"I'm looking for a dark, character-driven story about a young person who discovers a supernatural family power, wrestles with identity, and faces grim choices in a world where loyalty and danger collide.","Paranormal,Fantasy,Young Adult,Werewolves,Shapeshifters,Fiction"
"I'm looking for a tense reunion story where a woman faces long-buried secrets and wonders who she can trust among old college friends, with betrayals, shifting loyalties, and a craving to know the truth before the past erupts again.","Mystery,Thriller,Suspense,Psychological,Drama,Contemporary,Crime"
"I'm looking for a page-turner set in a quiet town where secrets run deep, a tough local cop chasing a dangerous suspect, and a fragile romance that's tested by danger.","Suspense,Mystery,Romance,Crime,Thriller,Fiction,Contemporary"
"I'm looking for a story where a shy young woman uncovers a hidden power and must navigate dangerous factions, with dark twists, magical creatures, and a slow-burn romance that deepens as secrets about her past come to light in a setting that feels like a secretive, competitive school.","Fantasy,Young Adult,Romance,Mystery,Adventure,Magic"
"Looking for a story where a charged, possessive romance unfolds under a shadow of danger and secrecy, with hot tension, then shifts into a peril-filled world where friendships and secrets test loyalty.","Romance,Erotica,BDSM,Contemporary Romance,Young Adult,Horror,Fantasy,Mystery,Humor"
"I'm looking for a tense, emotionally sharp novel set in a decaying hospital in war-torn borderlands, where a stubborn doctor hides a frightened girl from dangerous forces, and the secrets of the past reshape everyone involved.","Fiction,Historical Fiction,War,Literary Fiction,Adult Fiction,Novels,Literature,Contemporary"
"I'm looking for a sweeping, richly atmospheric tale that follows big social changes and upheaval across different places and eras, with sharp ideas about power, class, and what it means to be human, all wrapped in a clever, sometimes wry storytelling voice.","Historical Fiction,Literary Fiction,Political Commentary,Science Fiction"
"I want a collection of compact stories where ordinary moments spill into unsettling or surprising outcomes, told with clever narration and a bittersweet, reflective mood.","Short Stories,Classics,Literary Fiction,Contemporary,Fiction"
"I'm looking for a tense novel set in a gritty city where a serial killer haunts vulnerable workers, delivering a chilling, morally tangled investigation with emotional undercurrents.","Mystery,Crime,Fiction"
"I want a clever partners-in-crime story where two young sleuths navigate a snowy, high-stakes case, with witty banter, growing feelings, and a suspenseful twist.","Mystery,Young Adult,Romance,Suspense,Fiction"
"I'm looking for a cheeky, chaotic story where a woman gets bitten and discovers a wild new life with quirky powers, fast-paced adventures through a city at night, and an awkward, growing spark between her and someone who wasn’t supposed to matter.","Paranormal,Romance,Werewolves,Humor,Urban Fantasy,Fiction"
"I'm after a headlong dive into a sprawling metropolis where money rules, bitter inequality shapes every block, and the hidden networks of power keep surfacing as the city stubbornly reveals its past.","Urban Studies,Sociology,Politics,History,Nonfiction"
"I'm seeking a story about a woman confronting painful memories from her childhood, navigating harsh institutions and streets, with a haunting, unsettled atmosphere and an investigation that slowly uncovers brutal truths.","Memoir,Nonfiction,True Crime,Abuse,Psychology,Crime,Biography,Audiobook,Adult"
"I'm craving a twisty, sun-soaked mystery where an amateur sleuth untangles a vacation-turned-deadly puzzle, with clever clues, a tight-knit community vibe, and a shocking reveal that changes everything.","Mystery,Detective,Thriller,Suspense,Crime"
"I'm looking for a story that blends old legends with real history, where a brave heroine navigates strict rules and looming dangers, and the atmosphere feels like a frostbitten city at twilight.","Fantasy,Historical Fiction,Mythology,Romance,Russia,Retellings"
"I'm looking for a story where a lone fixer becomes entangled in a dangerous conspiracy that threads through a gritty city at night, with eerie, almost supernatural elements and a tense, morally complex romance that tests loyalty.","Horror,Thriller,Mystery,Paranormal,Romance,Contemporary"
"I'm looking for a tale that follows a woman who flees after a world-altering conflict, piecing together family secrets, with a lyrical, reflective voice and a mood that feels both beautiful and haunted in a landscape that holds memory and sorrow.","Historical Fiction,Ireland,Literary Fiction,Fiction,Historical"
"I want a tender story about two adults who fall for each other while dealing with past wounds in a small town, with a hopeful mood and a strong sense of community and everyday life.","Romance,Contemporary Romance,Fiction,Contemporary"
"I'm looking for a brisk, witty adventure about a sharp girl and her sister escaping tough guardians to wander the frontier, with a strong sense of place, danger and humor; or something set in ancient times full of political intrigue and empire-shaking secrets that change everything.","Historical Fiction,Adventure,Young Adult,Middle Grade,Humor,Westerns,Ancient History,Drama,Mystery,Thriller,Romance"
"I'm looking for a gritty journey where a young woman guards a painful secret, faces real danger on the road, and a growing love tests loyalties as clues from the past surface.","Mystery,Romance,Suspense,Adventure,Young Adult"
I'm after a tale where two people fall for each other under pressure from magical forces while a looming threat and gossip gnaw at their plans to start a life together.,"Romance,Paranormal,Fantasy,Young Adult"
"I'm looking for a slice-of-life story set in crumbling Brooklyn with characters juggling odd jobs in acting and writing, chasing independence while navigating early adulthood and the weight of family expectations.","Contemporary,Coming Of Age,New Adult"
"I'm craving a suspenseful, otherworldly story where a teen uncovers dangerous secrets in a city where magic and old grudges haunt every corner.","Paranormal,Young Adult,Fantasy,Mystery,Thriller"
"I want a tale about a kid and his loyal dog trekking toward a distant summit, facing harsh weather and isolation, while clinging to hope and friendship and dealing with tough family moments along the way.","Adventure,Survival,Family,Realistic Fiction,Young Adult"
"I'm seeking a gripping tale where a sharp investigator unearths long-buried secrets that ripple through a famous city, with heavy twists and a creeping sense of danger that keeps me turning pages.","Mystery,Thriller"
"I'm after a sharp, fast-paced tale where a clever AI goes head-to-head with a ruthless corporation in a near-future city, unraveling clues, fighting for justice, and spurring big questions about power and humanity, all with dark humor and relentless momentum.","Science Fiction,Thriller,Mystery,Philosophy,Political Fiction"
"I'm looking for a tender, moody narrative about two people navigating personal secrets and longing, set against a richly drawn backdrop—whether in mid-20th-century America or modern city life—where choices ripple through families and futures.","Historical,Contemporary,Romance,Fiction,Literary"
"I'm after a tense page-turner about a former detective chasing a ruthless killer through a shadowy, rain-soaked city, with a sharp but flawed romance weaving through the action and a sense that danger could strike at any moment.","Mystery,Thriller,Romance,Crime,Suspense,Urban Fantasy,Contemporary"
"I'm looking for a tense story where a private investigator hunts a missing baby and uncovers a web of secrets that blur trust and danger, wrapped in a moody, eerie atmosphere.","Mystery,Thriller,Fiction"
"I want a story about a teen who hides in books as a rising tyranny darkens the world, contrasted with a gritty postwar urban quest for dignity and safety where ordinary people navigate danger and hope.","Historical Fiction,World War II,Young Adult,Fiction,Mythology,Science Fiction,Fantasy"
"I want a stark, emotionally powerful narrative about people facing life-or-death moments during violent times, told through intimate memories and surviving against the odds in a world that feels both personal and historical.","Memoir,History,Holocaust,Biography,Nonfiction"
"I'm after a twisting tale where a desperate investigator unravels a long-buried secret about a ship's wreck, with shadows of betrayal and a chilling atmosphere that lingers after the last page.","Mystery,Thriller,Historical Fiction,Crime"
"I'm after a tender, slow-burning love story that unfolds across an old-world, refined society, with witty banter, delicate misunderstandings, and a heroine torn between duty and a dangerous, irresistible pull.","Romance,Historical"
"I'm after a reflective, present-day story about a lone businessperson crossing a distant landscape in a bid to save his family’s future, filled with dry wit, quiet tension, and small uncanny moments that hint at bigger mysteries.","Literary Fiction,Contemporary,Fiction,Adult,Adventure,Mystery,Mystery Thriller,Humor"
"I'm looking for a book about a sharp, restless thinker who dives into big questions about creativity and humanity, set against a quietly atmospheric backdrop where language rewards careful reading.","Philosophy,Nonfiction,Biography,Memoir"
"I'm after a tense, morally grey mystery where a long-buried family secret erupts, shadows linger in a quiet town, and every clue raises more questions than answers.","Mystery,Psychological Thriller,Suspense,Crime,Family"
"I want a moody, literary tale set in a sunbaked town where a once-respected official drifts through a haze of drink and regret, with a lingering sense of historical weight and looming tragedy.","Literary Fiction,Historical Fiction,Fiction,Classics"
"I'm looking for a collection of intimate, personal essays about living with bipolar disorder and anxiety, written with honesty and wit, that also explores cultural identity and displacement from a Nigerian-American perspective.","Nonfiction,Memoir,Essays,Mental Health,Psychology,Autobiography,Africa"
"I'm looking for a tale about a misunderstood youngster navigating dangerous secrets, magical beings, and political intrigue in a world where supernatural factions clash, with a moody, atmospheric tone.","Fantasy,Urban Fantasy,Paranormal,Young Adult,Adventure,Magic"
"I'm craving a hard-edged detective story set in a sun-drenched city where a slick private eye chases a tangled web of corruption, blackmail, and danger, with witty banter, tough choices, and a moody, lightly smoky atmosphere.","Mystery,Crime,Noir,Thriller,Detective,Fiction"
"I'm looking for a book about the ruthless drive for fame and money in a high-stakes industry, where powerful players bend rules and the scene feels like a corporate jungle, with thorough research and real-world figures behind the headlines.","Music,Nonfiction,Business,History"
"I'm hoping for a tense, urban nightscape where mysterious creatures stalk a college town, blending danger with witty banter and a hint of romance.","Urban Fantasy,Romance,Vampires,Young Adult,Paranormal,Fiction"
"I'm after a sweeping, character-driven journey where a young person is pulled into a dangerous quest to reclaim a homeland, with lush world-building, looming political intrigue, and moments of warmth between unlikely allies.","Fantasy,Young Adult,Adventure,Romance,Epic Fantasy,Historical Fiction"
"I'm after a gritty, claustrophobic ride where an ordinary day spirals into a deadly curse, with a relentless chase and a creeping sense that something unseen is watching and manipulating events around a seemingly normal life.","Thriller,Horror,Mystery"
"I'm after a twisting tale where time slips around a clever guide, weaving a vivid historical mood with odd, wandering adventures and a touch of wit and eerie charm.","Time Travel,Historical Fiction,Adventure,Fiction,Urban Fantasy"
"I'm looking for a haunting tale about a weary professor returning to the city of his memories after a tragic voyage, uncovering long-buried secrets that blur memory and reality, with a tenderness that lingers.","Historical Fiction,World War II,Turkish Literature,Romance,Literature"
"I'm looking for a story about a woman balancing her family life and a high-pressure marriage while uncovering secrets that complicate her world, with intimate emotional moments and a slow-building tension that keeps things uncertain.","Romance,Drama,Family,Contemporary,Fiction"
"I'm looking for a story that follows a stubborn teen whose rough home life is upended when a mysterious outsider moves in, pushing them to confront tough choices, with a mood that's sharp, wry, and a little magical.","Paranormal,Romance,Fiction,Mystery,Historical Fiction,Drama,Plays,Literary Fiction,Adventure,Fantasy,Humor,Race,Nonfiction,Biography,Young Adult,Classics"
"I'm looking for a tense tale where a teen hacker is thrust into a dangerous digital world and must outsmart a powerful antagonist, all while questioning what it means to be human.","Science Fiction,Young Adult,Thriller"
"I'm hoping for a blend: a tender coming-of-age journey set against a rich cultural backdrop, with witty family or community dynamics, plus a dash of magical or quirky adventure that keeps things lively and hopeful.","Coming Of Age,Cultural,Humor,Fantasy,Adventure,Literary Fiction,Young Adult"
"I'm seeking a long, atmospheric saga set in 18th- to 19th-century Europe, where power struggles, family loyalties, and hidden schemes unfold amid shifting regimes and grand social backdrops, with a quietly hopeful thread running through tense political maneuvering and intimate relationships.","Historical Fiction,Romance,British Literature,Literature,19th Century"
"I'm looking for a tense, atmospheric page-turner where a determined young woman unravels a dangerous conspiracy in a town that feels watched, all while secrets about demons and angels simmer beneath the surface.","Paranormal,Young Adult,Fantasy,Mystery,Romance"
"I'm looking for a story about a teenage apprentice in a vibrant, dangerous historical city who dreams of painting but is crushed by a strict master and a web of risky choices, with tight-knit families and a struggle to find their own voice as they grow up.","Historical Fiction,Coming Of Age,Young Adult,Family Drama,School"
"I'm seeking a sweeping tale of first contact and fragile alliances, where a weary envoy navigates hidden agendas in a fragile empire, while personal loyalties are tested and ancient powers resurface.","Science Fiction,Fantasy,Adventure,Romance"
"I'm looking for a suspenseful story set in an upscale community where a web of lies, power, and hidden desires crashes around the main character.","Mystery,Thriller,Crime,Suspense"
"I'm craving a sweeping saga where a bold warrior fights to defend his homeland while a mysterious woman from a distant land captures his heart, with battles, political intrigue, and a yearning for escape.","Romance,Historical,Historical Romance,Fiction,Historical Fiction,Adventure"
"I'm seeking a tense sea-bound tale where a small cutter sneaks close to a heavily defended coastline to rescue a stranded noble party, facing hidden dangers, clever ruses, and a dash of political intrigue.","Naval,Adventure,Historical,War,Fiction"
"I'm craving a fast-paced, globe-trotting tale where clues unravel a centuries-old mystery, with tense chases, surprising twists, and a stubborn hero who improvises to outsmart powerful forces.","Thriller,History,Adventure,Action"
"I'm after a book where a cautious narrator wrestles with enduring wisdom and quiet truths, a world where a handful of timeless verses or maxims subtly steer daily choices and awaken a deeper sense of purpose, all told in a calm, reflective voice that hints at hidden currents beneath ordinary life.","Philosophy,Religion,Spirituality,Classics,Poetry,Literature"
"I'm after a gripping tale where a sharp investigator unravels a secret conspiracy woven through ancient symbols, blending historical stakes with mystical elements, and a tense, moody atmosphere that keeps you guessing until the last page.","Mystery,Historical,Fantasy,Thriller"
"I'm craving a true-life saga about a legendary chess duel that became a mirror of the Cold War, told with sharp investigative detail and political insight, where personal stakes rise as national pride hangs in the balance.","Chess,Nonfiction,History,Politics,Biography,Sports,Games,Russia,Journalism"
"I'm after a tale where dreamers and the dreamed collide, a family on the run in a surreal, war-torn cosmos, with loyalties stretched to the limit and love trying to hold things together amidst growing danger.","Fantasy,Young Adult,LGBT,Paranormal,Fiction,Romance"
"I'm craving a heartwarming, clever love story set in a bygone era, with witty exchanges, society intrigue, and a heroine who asserts her own path while two people navigate misunderstandings and a fragile trust.","Romance,Historical Fiction,Regency,Fiction"
"I'm seeking a sweeping tale that mingles ancient legends with brutal modern conflicts, where faith and power shape society, and characters must navigate war-torn landscapes and uncanny magic that betrays or saves them.","Fantasy,Fiction,Drama"
"I'm looking for a gripping tale about a wartime voyage, where a captain faces harsh seas and political intrigue, with a tense crew dynamic and moments of danger that test loyalty.","Historical Fiction,War,Maritime,Adventure"
"I'm looking for a gripping book that mixes true-to-life hardship in restricted eras with intimate character journeys, where people face danger, secrets, and resilience, and the setting feels authentic and immersive—not modern-day, but steeped in historical texture and atmospheric tension.","History,Nonfiction,War,Biography,Memoir,Fiction,Mystery,Adventure,Fantasy,Romance"
"I'm craving a page-turner about long-buried secrets in a sunlit Southern city, where a skeptical narrator weaves through fragile relationships, elegiac memory, and a haunting sense that the past won't stay buried.","Mystery,Literary Fiction"
"I'm seeking an epic quest set in a fractured realm where a beloved heir is kidnapped, alliances shift in the capital, ancient magic resurges, and dragons wheel above a land of feuding lords and bold heroes.","Fantasy,Epic Fantasy,High Fantasy,Dragons,Magic,Adventure"
"I'm looking for a gripping tale about a solitary woman pulled into an online world she can't trust, as she uncovers hidden identities and starts to doubt everything around her.","Psychological Thriller,Mystery,Contemporary Fiction"
"I'm after a tale where a young heroine uncovers a warded path and a hidden danger, then must navigate shifting loyalties, magical forces, and a coming-of-age journey across a perilous world.","Fantasy,Young Adult,Adventure,Mystery,Romance"
"I'm looking for a gripping, atmospheric thriller about a detective solving a murder in Washington, D.C., with stylish writing and a suspenseful, ominous mood.","Thriller,Mystery,Suspense,Detective,Crime"
"I'm seeking a tense story about a sharp power struggle in a near-future city, where a dangerous attraction pulls two people into a web of schemes and secrets, with a moody, simmering intensity that lingers after the last page.","Science Fiction,Thriller,Dystopia,Romance"
"I'm after a witty, steamy adventure where magical creatures roam, a gruff but lovable dragon lover, sharp banter, and loyalties tested in a wild, funny world.","Fantasy,Romance,Paranormal,Humor,Dragons,Shapeshifters,Magic"
"I'm after a sweeping, decades-spanning voyage that blends witty banter, unusual heroes, and a cosmos of strange worlds where technology and philosophy collide.","Science Fiction,Time Travel,Fantasy"
"I'm hoping for a tense, sultry romance where a scarred shapeshifter and a wary woman navigate dangerous secrets in a neon-lit city, with steam-filled chemistry and a past that haunts them.","Paranormal Romance,Shapeshifters,Romance,Urban Fantasy,Erotica"
"I'm looking for a tense journey through a sun-scorched wasteland after civilization collapses, where a small group dodges traps, fights for scarce water, and pieces together who is really pulling the strings behind the chaos.","Post Apocalyptic,Dystopia,Adventure,Science Fiction,Young Adult,Fiction,Thriller"
"I want a lush, otherworldly quest about a bold young woman navigating ancient prophecies, dangerous loyalties, and a forbidden romance, with lyrical writing and political intrigue that keeps me turning pages.","Fantasy,Romance,Epic Fantasy,High Fantasy,Young Adult"
"I'm after a tense coming-of-age story where a bright but wary teen uncovers a secret world hiding in plain sight, a romance blooms under risky circumstances, and fate keeps twisting with dangerous powers and moral choices.","Young Adult,Fantasy,Romance,Mystery"
"I'm craving a careful, page-turning story where a hopeful yet wary protagonist digs into long-buried secrets in a small town, the tension building as danger closes in and loyalties are tested.","Suspense,Mystery,Historical Fiction,Fiction"
"I'm seeking a tense journey through a brutal war that tests ordinary people, with a veil of secrets and a dangerous, consuming romance that haunts the night.","War,Historical Fiction,Mystery,Romance,Thriller,Fiction,Dark"
"I'm seeking a book that examines how people watch others suffer in modern conflicts, using sharp observations and reflective essays that question memory, ethics, and the power of images.","Philosophy,Essays,War,Sociology,Psychology"
"I'm looking for a light, witty tale where a middle-aged governess's ordinary day suddenly turns exciting after an unexpected encounter with a glamorous stranger in a bustling city, with warm humor and a tender romantic spark.","Fiction,Classics,Historical Fiction,Humor,Romance"
"I'm after a high-stakes tale where a stubborn heroine fights to protect her clan from a looming shadow, with family loyalty, dark secrets, and a spark between unlikely partners.","Paranormal,Romance,Urban Fantasy,Vampires,Fiction"
"I'm seeking a long, character-rich story about a daily-life seller in a city across decades, watching tradition clash with modernity, with a bittersweet mood and lush, reflective prose.","Historical Fiction,Literary Fiction,Contemporary,Fiction,Literature"
"I'm after a sweeping story set in early 20th-century Ireland where family secrets and sectarian tensions pull people apart, but also nurture resilience and budding love.","Historical Fiction,Ireland,Romance,Coming Of Age"
"I'm after a tense, intimate story set in a place haunted by recent conflict, where a doctor hides a hunted child and a fragile community shelters secrets, until a shocking act shatters everything and forces difficult choices.","Historical Fiction,War,Literary Fiction,Fiction,Contemporary"
"I'm looking for immersive novels with a historical backdrop and perilous journeys, where folklore and haunting secrets shape the plot, and the characters face tough moral choices in stark, vividly written landscapes.","Historical Fiction,Mystery,Fantasy,Literary Fiction"
"I want a witty, city-soaked story about unlikely friends, a stubborn heart learning to love again, with sharp social satire and a chapter-turning energy.","Humor,Romance,Contemporary,Fiction"
"I'm looking for a story about a kid who doesn't fit in at school, navigates friendships and self-discovery, and ends up finding an unexpected way to belong.","Young Adult,Realistic Fiction,School,Contemporary,Fiction,Coming Of Age"
